age,sex,weight_kg,height_cm,bmi,sleep_hours,activity_level,activity_score,family_diabetes,smoker,caffeine_intake,heart_rate_bpm,ibi_mean_s,ibi_std_s,hrv_ms,amplitude_mean,amplitude_std,rise_time_mean_s,rise_time_std_s,sdr_mean,pw50_mean_s,auc_mean,dt_ratio_mean,perfusion_index,beats_detected,recording_duration_s
20,M,78.0,187.0,22.31,2.0,sedentary,1,yes,yes,high,101.55367945531466,0.5938620160884868,0.04334917435435921,43.349174354359214,0.7478932368377526,0.12363121932195151,-0.18138888888888888,0.012506171316100474,17.585188171442592,0.33285714285714285,0.29009739330114614,1.3080023113861279,74.78932368377525,36,22.11
