age,sex,weight_kg,height_cm,bmi,heart_rate_bpm,ibi_mean_s,ibi_std_s,hrv_ms,amplitude_mean,amplitude_std,rise_time_mean_s,rise_time_std_s,beats_detected
0,202020,2.0,2.0,5000.0,94.5054945054945,0.654,0.11447270417003344,114.47270417003344,0.6421491380868287,0.14171431132345755,0.26333333333333336,0.14727148022916348,6
