age,sex,weight_kg,height_cm,bmi,heart_rate_bpm,ibi_mean_s,ibi_std_s,hrv_ms,amplitude_mean,amplitude_std,rise_time_mean_s,rise_time_std_s,sdr_mean,pw50_mean_s,auc_mean,dt_ratio_mean,perfusion_index,beats_detected,recording_duration_s
20,M,58.0,178.0,18.31,94.5054945054945,0.654,0.11447270417003344,114.47270417003344,0.6421491380868287,0.14171431132345755,0.26333333333333336,0.14727148022916348,6.739282576992406,0.518,0.3742756097275132,0.5744797199012213,64.21491380868287,6,3.63
