age,sex,weight_kg,height_cm,bmi,heart_rate_bpm,ibi_mean_s,ibi_std_s,hrv_ms,amplitude_mean,amplitude_std,rise_time_mean_s,rise_time_std_s,beats_detected
20,M,58.0,178.0,18.31,78.27331330279341,0.7665447835061651,0.15272823886915385,152.72823886915384,0.4660654739761834,0.19796271427870157,0.40215827772352436,0.13820310560457896,19
