age,sex,weight_kg,height_cm,bmi,sleep_hours,activity_level,activity_score,family_diabetes,smoker,caffeine_intake,heart_rate_bpm,ibi_mean_s,ibi_std_s,hrv_ms,amplitude_mean,amplitude_std,rise_time_mean_s,rise_time_std_s,sdr_mean,pw50_mean_s,auc_mean,dt_ratio_mean,perfusion_index,beats_detected,recording_duration_s
20,M,58.0,178.0,18.31,2.0,sedentary,1,yes,yes,high,96.30382059838588,0.6254074724172518,0.038733547018201045,38.733547018201044,0.6232349444477121,0.09729765157502472,0.4445161290322581,0.03270974104466676,2.974245062069176,0.42566666666666664,0.40785142098996274,0.29003874632035315,62.323494444771214,31,19.95
