age,sex,weight_kg,height_cm,bmi,sleep_hours,activity_level,activity_score,family_diabetes,smoker,caffeine_intake,heart_rate_bpm,ibi_mean_s,ibi_std_s,hrv_ms,amplitude_mean,amplitude_std,rise_time_mean_s,rise_time_std_s,sdr_mean,pw50_mean_s,auc_mean,dt_ratio_mean,perfusion_index,beats_detected,recording_duration_s
20,M,58.0,175.0,18.94,8.0,moderate,2,no,no,low,99.9155918035893,0.6113179261433114,0.09948658665001389,99.48658665001389,0.36605815302718286,0.12979438825063214,0.3935416666666667,0.043035333512772445,7.8238503929052445,0.37255319148936167,0.2764470622533394,0.34726774031924107,36.605815302718284,48,29.59
